total_streams,explicit
3214,False
3300,False
3512,False
4197,False
4245,True
4393,False
4496,False
4497,True
4499,False
4500,False
4548,False
4742,True
4839,False
4931,False
4951,False
4954,False
4992,False
5009,False
5035,False
5080,False
5119,False
5127,False
5132,False
5158,False
5210,False
5242,False
5308,False
5313,False
5315,False
5368,False
5374,False
5392,False
5433,False
5549,True
5551,False
5608,False
5628,False
5632,False
5633,False
5637,False
5647,False
5650,False
5668,True
5707,False
5718,True
5779,True
5797,True
5830,False
5835,False
5875,True
5885,False
5903,False
5910,False
5967,False
5995,False
6006,True
6010,True
6029,False
6031,False
6102,True
6112,False
6167,False
6228,False
6304,False
6324,False
6324,True
6332,False
6341,False
6348,False
6379,False
6399,False
6450,False
6467,False
6474,False
6484,True
6505,False
6539,False
6562,False
6597,True
6609,False
6624,False
6695,True
6709,False
6822,False
6829,False
6902,False
6956,True
6979,False
6990,False
6993,False
7087,False
7092,False
7117,False
7188,False
7197,False
7206,False
7223,True
7403,False
7435,False
7452,False
7467,False
7489,False
7520,True
7540,False
7585,False
7589,False
7595,False
7604,False
7666,False
7692,False
7712,False
7751,False
7770,False
7781,False
7887,True
7925,False
7937,False
7937,False
8018,False
8067,True
8074,False
8088,False
8095,False
8115,True
8130,False
8152,False
8154,False
8170,False
8201,True
8214,False
8238,False
8308,False
8334,False
8374,False
8386,True
8414,False
8423,False
8464,False
8466,False
8532,False
8608,False
8610,False
8640,False
8675,False
8692,False
8732,False
8758,False
8762,False
8771,False
8863,True
8865,False
8888,False
8892,False
8910,False
8930,True
8948,False
8949,False
8967,False
8983,True
9006,False
9021,False
9041,False
9048,False
9050,False
9056,False
9080,False
9145,False
9154,False
9155,False
9171,False
9183,False
9184,False
9208,False
9225,False
9254,False
9268,False
9276,True
9332,False
9356,False
9371,False
9408,True
9416,False
9432,False
9467,False
9514,False
9553,False
9567,True
9605,False
9623,False
9656,True
9661,False
9666,False
9690,False
9691,False
9697,True
9714,False
9717,False
9758,False
9761,False
9784,False
9804,False
9816,True
9819,False
9868,True
9910,False
9930,True
9943,False
9962,False
9972,False
9982,False
9987,True
9992,True
9993,False
9999,False
10040,False
10043,False
10047,True
10062,False
10064,False
10093,False
10164,False
10190,False
10194,False
10209,True
10309,True
10315,True
10366,False
10377,False
10400,False
10419,True
10424,False
10447,False
10461,True
10480,False
10485,False
10507,False
10508,False
10517,False
10527,False
10549,False
10566,False
10592,True
10602,False
10619,False
10620,False
10635,False
10674,True
10691,False
10709,False
10710,False
10753,False
10754,False
10845,False
10860,False
10879,False
10958,False
10969,False
10974,False
11001,False
11041,True
11065,False
11073,False
11079,True
11161,False
11188,True
11191,False
11205,False
11216,True
11219,True
11263,False
11287,True
11357,False
11390,False
11391,True
11436,False
11470,False
11477,True
11494,False
11516,False
11544,False
11579,True
11613,False
11613,True
11627,False
11632,False
11693,False
11716,False
11728,False
11810,False
11822,False
11893,False
11897,False
11899,True
11901,False
11948,False
11972,True
12032,False
12068,False
12086,False
12119,False
12124,False
12165,False
12172,False
12216,False
12230,True
12334,True
12396,False
12421,False
12436,True
12437,False
12458,True
12500,False
12529,False
12693,False
12697,False
12706,False
12709,False
12781,False
12803,False
12809,False
12825,True
12831,True
12885,False
12889,False
12894,False
12898,False
12932,False
12935,False
12987,False
12993,True
13016,False
13027,False
13154,False
13201,False
13267,False
13334,False
13350,False
13350,True
13351,False
13354,True
13360,False
13375,False
13482,False
13496,False
13498,False
13506,False
13528,False
13532,True
13548,False
13576,False
13593,True
13681,False
13723,False
13826,False
13856,False
13903,False
13981,False
13984,False
13999,True
14014,False
14014,False
14033,False
14041,False
14090,False
14134,False
14223,False
14229,False
14234,False
14244,False
14262,True
14338,False
14404,False
14441,False
14535,False
14574,False
14613,False
14703,True
14858,False
14888,False
14963,False
15019,False
15183,False
15194,False
15205,False
15282,False
15377,False
15380,True
15438,False
15445,True
15459,False
15469,False
15478,False
15481,False
15484,False
15502,False
15592,False
15630,False
15699,True
15721,False
15751,False
15772,False
15825,True
15832,False
15835,False
15858,False
15903,True
16013,False
16043,True
16148,False
16152,False
16169,False
16198,False
16220,False
16281,False
16338,True
16348,False
16395,False
16407,False
16442,False
16465,False
16472,False
16486,False
16515,False
16574,False
16581,True
16741,False
16882,False
16919,False
16921,False
16934,True
16980,False
17176,False
17258,False
17298,False
17312,False
17413,False
17420,False
17430,False
17492,True
17523,True
17525,False
17540,False
17631,False
17658,False
17661,False
17695,False
17697,False
17701,False
17708,False
17744,False
17762,False
17765,True
17771,True
17839,False
17877,False
17880,False
17897,False
17914,False
18186,False
18188,True
18299,False
18358,False
18427,True
18449,False
18503,False
18539,False
18547,False
18550,False
18562,False
18638,False
18643,False
18672,False
18687,False
18746,False
18749,False
18776,False
18819,True
18838,True
18847,True
18917,False
18994,False
19118,False
19169,False
19427,False
19446,False
19540,False
19587,False
19646,False
19655,False
19711,False
19717,False
19830,False
19853,False
19869,True
19985,False
19987,False
20006,False
20152,False
20163,False
20215,False
20222,False
20255,False
20337,False
20371,True
20381,False
20455,False
20465,False
20518,False
20531,False
20567,False
20572,False
20700,False
20757,False
20766,False
20794,False
20828,False
20834,False
20846,False
20847,False
20864,False
20876,False
21002,False
21049,True
21088,False
21094,False
21096,True
21187,True
21199,False
21226,False
21250,False
21330,False
21396,True
21398,False
21547,False
21562,False
21594,True
21747,False
21789,False
21789,True
21902,False
21997,False
22039,False
22204,False
22263,True
22275,True
22300,False
22366,False
22405,False
22411,False
22495,False
22496,False
22564,False
22667,False
22736,False
22858,False
22910,False
22926,False
22962,False
22965,False
23045,True
23176,True
23276,False
23284,False
23393,False
23435,False
23767,False
23789,False
23956,False
24020,False
24033,False
24057,False
24088,False
24093,False
24135,False
24184,False
24188,False
24219,True
24225,False
24239,True
24304,False
24396,False
24585,True
24610,False
24639,False
24640,False
24760,True
24822,False
24845,False
24860,False
24893,False
24943,False
24983,False
25036,False
25128,False
25146,True
25328,True
25354,False
25386,False
25403,False
25468,False
25480,False
25550,False
25559,False
25562,False
25591,False
25646,True
25702,True
25755,False
25813,False
25849,False
25857,False
25923,False
25934,True
26060,False
26096,False
26116,False
26177,False
26236,False
26247,True
26395,False
26402,True
26405,False
26431,False
26479,False
26488,False
26490,False
26541,True
26546,True
26704,False
26719,True
26742,False
26745,False
26802,True
26817,False
26855,True
26864,False
26886,False
26900,False
27004,True
27009,False
27009,False
27058,False
27079,False
27091,False
27333,False
27346,False
27379,False
27494,False
27779,False
27802,False
27850,False
28116,False
28130,False
28177,False
28199,True
28288,False
28293,False
28382,True
28398,False
28441,False
28448,False
28453,False
28455,False
28465,False
28550,False
28614,False
28649,False
28697,False
28745,False
28832,False
28851,False
28863,False
28867,False
28888,False
28964,False
28998,False
29063,False
29078,False
29084,False
29108,False
29121,False
29227,False
29240,False
29313,False
29355,False
29385,False
29391,False
29401,False
29420,False
29492,False
29653,False
29691,False
29723,True
29745,False
29775,False
29823,False
29829,False
29892,False
29996,False
30002,False
30011,False
30025,False
30118,False
30137,False
30141,False
30204,False
30319,False
30329,False
30347,False
30441,False
30462,False
30567,False
30584,False
30600,True
30611,False
30622,False
30629,False
30633,False
30669,False
30786,False
30841,False
30964,False
30969,False
31075,False
31097,False
31109,False
31141,False
31150,False
31182,False
31202,False
31245,False
31278,False
31303,False
31339,False
31349,False
31375,False
31402,True
31435,False
31435,False
31462,False
31502,False
31512,False
31520,False
31562,False
31584,False
31623,True
31629,False
31653,False
31657,False
31727,False
31779,False
31810,False
31814,False
31858,True
31926,False
31930,False
32010,False
32035,False
32056,False
32132,False
32183,False
32235,False
32266,False
32317,False
32342,False
32344,False
32366,False
32395,False
32436,False
32438,False
32457,False
32616,True
32666,False
32675,False
32684,False
32704,False
32766,False
32783,False
32784,True
32821,False
32911,False
32927,False
32970,False
33000,False
33072,False
33095,False
33101,False
33125,False
33134,False
33172,False
33203,False
33208,True
33247,False
33328,False
33330,True
33383,False
33400,True
33472,False
33501,False
33509,False
33524,False
33537,False
33574,False
33599,False
33653,False
33711,False
33740,False
33748,False
33774,False
33816,False
33831,False
33872,False
33896,False
33907,False
33949,True
33956,False
34022,False
34094,False
34107,False
34218,False
34246,False
34286,False
34305,False
34513,False
34552,False
34568,False
34635,True
34668,False
34768,True
34813,False
34884,True
34886,False
34903,True
34913,False
34918,False
34965,False
34987,False
35061,False
35095,False
35121,False
35145,False
35147,False
35194,True
35220,True
35284,True
35302,True
35388,False
35423,True
35430,False
35547,True
35564,False
35614,False
35645,False
35718,False
35728,True
35779,False
35827,False
35916,True
35920,False
35994,False
36086,False
36097,True
36103,False
36184,False
36203,False
36288,False
36406,False
36436,False
36480,False
36583,False
36681,False
36689,False
36694,False
36723,False
36777,False
36796,False
36805,True
36833,False
36884,False
36954,False
36963,False
37087,False
37140,False
37149,True
37166,False
37218,False
37236,False
37250,True
37282,False
37323,False
37334,False
37388,False
37416,False
37489,False
37542,False
37570,False
37588,False
37593,False
37645,False
37706,False
37794,False
37835,False
37914,False
37949,False
38004,False
38006,False
38020,False
38021,False
38098,False
38258,False
38285,False
38310,False
38360,False
38374,False
38379,False
38446,False
38508,False
38618,False
38652,False
38735,False
38847,False
38911,False
38932,False
38968,False
39107,False
39227,False
39386,False
39403,False
39452,False
39460,False
39475,False
39515,False
39520,True
39524,False
39533,False
39702,False
39715,False
39763,False
39825,False
40086,False
40088,False
40103,False
40241,False
40257,False
40354,False
40476,False
40692,False
40708,True
40743,False
40765,False
40827,False
40881,True
40949,False
40982,True
41040,False
41064,False
41110,False
41125,False
41235,False
41311,False
41373,False
41380,False
41432,False
41522,False
41523,True
41595,False
41771,False
41780,False
41816,False
41842,False
41853,False
41924,False
41967,False
42021,False
42028,False
42052,False
42057,True
42157,False
42157,False
42171,False
42211,False
42280,False
42319,False
42404,False
42508,False
42560,False
42835,False
42983,False
43293,False
43410,False
43464,False
43583,False
43585,False
43631,False
43787,False
43975,False
44043,False
44087,False
44133,False
44285,False
44296,False
44334,False
44346,False
44377,False
44413,False
44428,True
44545,False
44554,True
44585,False
44742,True
44753,False
44858,False
44927,False
44936,False
44950,False
44997,False
45029,False
45119,False
45158,True
45175,False
45221,False
45451,True
45796,False
45861,False
46043,True
46124,False
46266,False
46630,False
46658,False
46921,False
47101,True
47118,True
47230,False
47301,False
47308,False
47502,False
47719,False
47767,False
48002,False
48280,False
48459,False
48482,True
48703,False
48738,False
48784,False
48837,False
49028,False
49082,False
49141,False
49240,False
49306,False
49335,False
49394,True
49433,False
49445,False
49700,True
49757,True
49869,False
49905,False
49964,False
49980,False
49981,False
50009,False
50024,False
50046,False
50067,True
50164,False
50257,False
50266,False
50352,False
50507,False
51068,False
51178,False
51263,False
51367,False
51538,False
51538,False
51651,False
51651,False
51861,True
52006,True
52082,False
52320,False
52338,True
52591,False
52649,False
52837,False
52851,False
52908,False
53058,False
53106,False
53169,False
53195,False
53201,False
53208,False
53367,False
53399,False
53406,False
53511,False
53518,False
53608,False
53675,False
53730,False
53789,False
53889,False
53988,False
54051,False
54052,False
54233,False
54395,False
54403,False
54530,False
54532,False
54542,True
54877,False
54934,False
54947,False
55127,False
55140,False
55164,False
55226,False
55272,False
55548,False
55574,False
55768,False
55872,False
55888,False
56073,False
56124,False
56158,False
56189,False
56190,False
56200,False
56233,False
56253,True
56395,True
56531,False
56536,False
56671,True
57242,False
57322,False
57454,False
57733,False
57851,False
58005,False
58010,False
58020,False
58021,False
58166,False
58184,False
58330,False
58391,False
58561,False
58672,False
58727,False
58876,False
58876,False
59148,False
59323,False
59795,False
59940,False
60088,False
60136,False
60199,False
60222,False
60294,False
60316,False
60542,True
60668,False
60672,False
60676,False
60754,False
60780,False
60798,False
60806,False
60841,False
60885,False
60973,True
61032,False
61090,False
61161,False
61215,False
61249,False
61315,False
61320,False
61500,False
61568,False
61608,False
61614,False
61625,True
61729,False
61794,False
61804,False
61817,False
62349,False
62468,False
62541,False
62689,False
62734,False
62954,False
63032,True
63156,False
63201,True
63325,True
63443,False
63456,False
63728,False
63966,False
64110,False
64166,False
64167,False
64265,False
64304,False
64450,False
64494,True
64681,False
64765,False
64795,False
64799,False
64893,False
64995,True
65014,False
65114,False
65127,False
65164,False
65187,False
65251,False
65288,True
65296,False
65402,False
65450,False
65653,False
65945,False
66070,True
66181,False
66222,False
66245,False
66365,False
66372,False
66477,False
66746,False
66860,False
66866,False
66937,False
66960,False
66996,False
67030,False
67133,True
67192,False
67244,False
67311,True
67430,False
67439,False
67677,False
67854,False
68123,False
68229,True
68501,False
68558,False
68563,False
68602,False
68686,False
68732,False
68866,False
68909,False
69110,False
69119,True
69213,False
69731,True
69774,True
69813,False
69955,False
70182,False
70337,False
70458,False
70540,False
70585,False
70848,False
70856,False
71001,False
71165,True
71410,False
71411,False
71672,False
71698,False
71809,False
71890,False
72026,False
72396,False
72565,False
72944,False
73203,False
73698,False
73724,False
73829,False
73830,False
73902,False
74195,False
74333,False
74357,False
74388,False
74573,False
74656,False
74668,False
74788,False
74851,False
74983,False
75011,False
75166,False
75183,False
75313,False
75314,False
75318,False
75352,False
75354,False
75420,False
75532,False
75560,False
75576,False
75637,True
75724,False
75752,False
75767,False
75925,False
75928,False
76325,False
76336,False
76361,False
76441,True
76559,True
76662,False
76681,False
76779,False
77140,True
77318,False
77324,True
77519,False
77531,False
77633,True
77641,False
77717,False
77719,False
77812,False
77957,False
78067,False
78277,False
78386,False
78620,False
78736,False
78814,False
78963,False
79061,True
79103,True
79112,False
79421,False
79457,False
79505,False
79646,False
79657,False
79834,False
79898,False
79919,False
80138,False
80237,False
80325,False
80357,False
80541,False
80582,False
80593,False
80711,False
80737,True
80833,False
80847,False
80967,False
81092,False
81100,True
81130,False
81152,False
81477,False
81776,False
82209,True
82349,False
82409,False
82777,True
82783,False
82803,True
82993,False
83014,False
83230,False
83304,False
83322,True
83505,True
83528,False
83636,False
83774,False
84034,False
84130,False
84219,False
84401,False
84561,False
84634,True
84735,False
84964,False
85041,False
85092,False
85192,False
85320,False
85523,False
85552,False
85620,False
85752,False
85810,False
85992,False
86031,False
86116,False
86373,False
86512,False
86520,False
86652,False
86732,False
86876,False
86938,False
86956,False
87107,False
87127,False
87384,False
87783,False
87833,False
88024,False
88152,False
88235,True
88241,True
88556,False
88865,False
88903,True
88906,False
88912,False
89010,False
89014,False
89093,False
89329,False
89336,False
89399,False
89452,False
89557,False
89674,False
89781,False
89812,False
90016,False
90286,False
90288,True
90431,False
90570,False
90583,True
90599,False
90657,False
90805,False
90992,False
91047,True
91050,False
91138,False
91203,False
91684,False
91724,False
91729,False
91819,False
91829,False
91845,False
91920,False
91964,False
92298,False
92313,False
92427,False
92499,False
92529,False
92758,True
93137,False
93221,False
93610,False
93787,False
93818,False
93903,False
94253,False
94292,False
94565,False
94736,True
94754,False
94771,False
94999,False
95017,False
95069,False
95072,False
95092,False
95134,False
95192,False
95222,False
95274,False
95444,False
95493,True
96063,False
96113,False
96153,False
96210,False
96271,False
96369,True
96415,False
96448,True
96497,False
96884,True
96958,False
97028,True
97081,False
97262,True
97368,False
97465,True
98060,True
98089,False
98245,False
98269,False
98378,False
98399,False
98501,False
98711,False
98750,True
98948,False
99092,False
99121,False
99558,False
99909,False
99984,False
100205,False
100330,False
100423,False
100433,False
100437,False
100449,False
100495,True
100643,False
100968,False
101043,False
101140,False
101265,True
101297,False
101421,False
101585,False
101702,False
102448,False
102506,True
102590,False
102732,False
102777,False
102909,False
103074,False
103110,False
103165,False
103629,False
103778,False
103875,False
104006,False
104179,False
104541,False
104860,False
105042,True
105310,False
105367,False
105635,False
105673,False
105726,False
105849,False
106071,False
106297,True
106401,False
106692,False
106765,True
106851,True
107234,False
107301,False
107462,False
107473,False
107554,False
107656,False
107721,False
108001,False
108029,False
108227,False
108364,False
108408,False
108426,False
108486,True
108764,False
108905,False
109549,False
109944,False
110016,False
110095,True
110202,False
110476,False
110497,True
110743,False
110890,False
111189,True
111216,False
111308,False
111364,False
111504,False
111775,False
111789,False
111867,True
112191,False
112265,False
112327,False
112933,True
112968,False
113004,False
113033,False
113489,False
113787,False
113803,False
113964,False
114573,False
114614,False
114698,False
114779,False
114966,False
115315,False
115462,False
115567,False
115593,True
116012,False
116128,False
116145,False
116285,False
116688,False
116776,False
116811,False
116888,False
116893,True
117028,False
117039,False
117101,False
117180,False
117412,False
117591,False
117847,False
118632,False
119230,False
119484,False
119584,False
119690,False
119834,False
119846,False
120036,False
120263,False
120697,False
121402,True
121485,True
121585,False
121796,False
121892,True
121972,False
122113,True
122136,False
122183,False
122376,False
122596,False
122873,False
123089,False
123197,False
123360,False
123440,False
123553,False
123855,False
124143,False
124231,False
124612,True
125120,False
125373,False
125422,False
125740,False
126157,False
126195,False
126821,False
126944,False
127116,False
127218,False
127358,True
127493,False
127495,False
127623,False
127761,False
127799,False
128028,False
128053,False
128435,False
128777,False
128830,False
128937,False
128994,False
129071,False
129263,False
129656,False
129660,False
130222,False
130243,False
130394,False
130495,False
130514,True
130642,True
131086,False
131322,False
131384,True
131771,False
131851,False
131869,False
131895,False
131911,False
132016,False
132076,False
132155,False
132167,True
132357,False
132854,True
132865,False
133366,False
133530,False
133621,False
133718,True
134106,False
134191,False
134234,True
134287,False
134315,False
134327,True
134784,False
135013,False
135095,True
135286,False
135310,False
135401,False
135454,False
136064,False
136154,False
136261,False
136307,False
136804,False
137114,False
137233,False
137263,True
137271,False
137289,False
137359,False
137628,False
137745,False
137853,False
138038,False
138413,False
138515,False
138876,False
138921,False
139075,False
139187,False
139425,False
139441,False
139547,False
140123,False
140298,False
140792,False
140960,False
141395,False
141634,False
141976,False
142080,False
142610,False
142733,False
142960,True
142969,False
143270,False
143684,False
143690,False
143765,False
143816,True
144092,False
144427,False
144650,True
145095,False
145165,True
145244,False
145293,False
145337,False
145491,False
145550,False
145607,False
145664,False
145976,False
146166,False
147198,False
147211,True
148114,False
148239,False
148484,False
148634,False
149083,False
149189,False
149194,False
149492,False
149775,False
149841,False
149977,False
150096,False
150357,False
150646,False
151396,False
151674,False
151776,False
151786,False
151996,False
152317,False
152355,False
152364,False
152504,False
152719,True
152747,False
153817,False
153955,False
155009,False
155070,False
155299,False
155466,False
155485,True
155505,False
155559,False
155937,False
156006,False
156247,False
156798,True
156814,False
157073,False
157207,False
157624,False
157823,False
158037,False
158839,False
158902,False
159024,False
159421,False
159916,False
160343,False
160993,False
161113,True
161174,True
161332,False
161428,False
161441,False
161569,False
161654,False
161685,False
162078,True
162139,False
162201,False
162767,False
162935,True
163026,False
163207,False
163321,False
163560,False
163655,True
164035,False
164275,False
164530,True
164534,False
164542,False
164684,False
164812,False
164833,False
165224,False
166025,False
166063,False
166437,False
166515,False
166550,False
166562,False
166673,False
166718,True
166907,False
167064,False
167258,False
167340,False
167396,False
167516,False
167619,False
167787,False
167981,False
168709,False
168728,False
168842,False
168876,False
168955,False
169642,False
169699,False
170209,False
170245,False
170720,False
170917,False
171276,False
171439,False
171673,False
172087,False
172175,False
173169,False
173255,False
173426,False
173812,False
174062,False
174201,False
174228,True
175572,False
175738,True
176256,True
177193,False
177227,False
177594,False
178100,False
178162,False
178177,False
178337,False
178987,False
179156,False
179174,False
179298,False
179430,False
180046,False
180053,False
180251,False
180434,False
180691,False
180749,False
180909,False
181111,False
181582,False
181607,False
181682,False
181774,False
181967,False
182944,False
183112,False
183796,True
183862,True
184036,False
184124,True
184255,False
184486,False
184733,False
185095,True
185179,True
185186,False
185223,False
185406,False
185770,False
186042,False
186636,False
186926,False
187023,False
187075,False
187266,False
187483,False
187658,False
188166,False
189181,False
189183,False
189367,False
189423,False
189610,False
189944,False
190020,False
190349,False
190417,False
190743,False
190965,False
191863,False
192173,False
192267,False
193072,False
193340,False
193349,False
193612,False
193761,False
193791,False
194363,True
194811,False
194850,False
194884,False
195063,False
195314,False
195433,True
195715,False
195781,False
196232,False
196580,False
196878,False
196885,False
196960,True
198547,False
198693,True
198862,True
198967,False
199021,False
199190,False
199247,False
199475,True
200117,False
200287,False
200442,False
200698,False
200720,False
200735,True
202514,False
202879,False
203223,False
203293,False
203441,True
203616,False
203639,False
203798,True
203905,False
204321,False
204785,False
204835,False
204922,False
205897,False
206253,False
207067,True
207336,False
207613,False
207657,False
207914,False
208126,False
208458,False
209159,False
209314,False
209592,False
209651,False
209838,False
209994,False
210122,False
210178,False
210283,False
210290,False
210394,False
210633,False
210903,False
210910,False
211514,False
211990,False
212434,True
212456,False
213387,False
213904,False
214184,False
214313,False
214720,False
215156,False
215420,False
215474,False
216031,False
216031,False
216242,True
217119,False
217530,False
217899,False
218085,False
218132,False
218153,False
218225,False
218373,False
218449,False
219227,False
219595,False
219756,False
219896,False
220108,False
220904,True
221208,False
221549,False
221697,False
221726,False
221799,False
222141,False
222458,False
222584,True
222621,False
222950,False
223095,False
223224,False
223605,False
224012,False
224143,False
224394,False
224618,False
224968,False
225823,False
225984,True
226017,False
226064,False
226069,False
226117,False
226447,False
226908,False
226922,False
227078,False
227687,False
228280,False
228294,False
228360,False
228986,True
229319,False
229348,True
230233,False
230290,False
230347,False
230378,True
230734,False
230988,False
231123,False
231145,False
231521,False
232714,False
232721,False
232979,False
233140,False
233226,True
233341,False
233753,False
233986,False
233989,False
234741,False
235114,False
235250,False
235567,False
236468,False
236542,False
237550,False
237556,False
237669,False
237890,False
237893,False
237953,False
238001,False
238314,False
239210,False
239247,False
240606,False
241224,False
241275,True
241559,True
241615,False
242186,False
242442,False
242573,True
242837,False
243013,False
243202,False
243574,False
243685,False
243796,False
243802,False
243930,False
243969,False
244007,False
244698,False
244815,False
245036,True
245288,False
245375,False
245471,True
245594,False
246048,True
246398,False
246461,True
246520,False
247261,False
248069,False
248078,False
248123,False
248153,False
248469,False
248611,False
248658,False
248781,False
248937,False
249130,False
249260,False
249948,False
250552,False
251066,False
251968,False
252277,False
252351,True
252383,False
252420,False
252422,False
252506,False
252575,True
252860,False
252891,True
253288,False
253483,False
253772,False
254236,False
254535,True
255632,False
255740,False
255774,False
255950,False
256045,False
256128,True
256208,False
256841,True
257057,False
257309,False
257834,False
258843,True
258868,False
259501,True
259512,False
260282,False
261265,False
261873,False
262592,False
262837,False
264185,False
264349,False
264435,False
264528,False
264873,True
265388,False
265551,False
266154,True
266573,True
267049,False
267146,False
267519,False
267623,False
267935,False
268859,False
269020,False
269216,False
269643,False
269843,False
269878,False
270314,False
271527,False
271667,False
272219,False
272523,False
272558,False
272600,False
273044,False
273341,False
273763,False
273939,False
274569,False
275361,False
275512,False
275607,False
275804,False
276023,False
276034,False
277311,False
277915,False
278018,False
279479,False
279769,False
280331,False
280444,False
280520,False
280969,False
281282,False
282350,False
282387,False
282807,False
283210,False
283997,True
284098,False
285196,False
285392,False
285812,False
285954,False
287159,False
287337,False
287576,False
288181,False
288535,False
288662,False
289266,False
289425,False
289570,True
289651,False
289670,False
290884,False
291511,True
291785,False
292068,True
292269,False
292985,False
293432,False
293787,False
293934,True
294175,False
294494,False
294565,False
295132,False
295293,False
295728,False
296078,False
296273,False
296356,True
297709,False
297862,True
298608,False
298953,False
299019,False
299353,False
300011,False
300379,False
300522,False
300596,False
300858,False
300964,False
301031,False
303137,False
303801,False
303812,True
304139,False
304313,False
304997,False
305088,True
305092,False
306743,False
306907,False
307754,False
307888,False
308191,False
308594,True
308762,False
309415,True
309730,False
310871,False
310882,False
312343,False
312374,True
313513,False
313565,False
315235,False
315735,False
315851,False
316289,False
316291,False
316699,False
317269,False
317294,False
318141,False
318167,True
318287,True
318804,False
318955,False
319057,False
319898,True
320271,False
320666,False
321229,True
321342,False
321366,False
321668,False
322458,False
323109,True
323598,False
324972,False
325047,False
326160,False
326298,True
326514,False
326857,False
326963,True
327280,True
328366,False
329076,False
330350,True
330915,False
331162,True
331181,False
331779,False
331829,False
332044,False
332457,False
332999,False
333330,False
333400,False
333581,False
333706,False
333961,False
334195,False
334488,True
334723,False
334756,False
334787,False
335683,False
335874,False
336205,False
336559,False
338438,True
339080,False
339137,True
340030,False
340040,False
340725,False
341650,False
342727,False
343464,False
344114,False
344798,False
345113,False
345537,False
345700,False
347164,False
347341,False
347496,False
347960,False
348726,True
349482,False
349673,False
349731,False
350037,False
350554,False
351094,False
351764,False
352862,False
353848,False
354332,True
355053,False
355241,False
355859,False
357038,False
358076,False
358400,True
358453,False
358454,False
358724,False
358931,False
358949,True
359050,False
359156,True
359235,False
359506,False
359949,False
360035,True
360320,False
360322,False
360654,False
361357,False
361436,False
362196,True
362376,True
362554,False
363343,False
364328,True
365054,False
365228,False
366359,False
366590,False
367111,False
368280,False
370280,False
370786,False
370987,False
371150,False
371902,True
372174,False
372677,False
374029,False
375274,False
375520,False
377714,False
378958,False
379266,False
380025,False
380234,False
381159,True
381538,False
381689,False
382455,False
382611,False
383384,False
383441,False
383723,False
383994,False
384211,False
384303,False
384432,False
385945,False
386177,False
386671,False
386788,False
387150,False
387274,False
387586,False
388895,False
389459,False
389756,False
389926,False
390352,True
390501,False
390725,False
391232,False
391391,False
391495,False
393049,True
393826,False
394015,False
394374,False
394577,False
394631,False
395138,False
396370,False
396379,False
396475,False
396809,True
397010,False
398299,False
399449,False
399995,False
400442,False
400885,False
401057,False
401330,True
401652,False
403446,False
403893,False
404128,False
404843,False
405706,True
407350,False
407814,False
407952,False
407963,False
408738,False
409261,False
410242,True
413138,False
413810,False
413976,False
414172,False
414781,False
415022,False
416396,True
417306,False
418521,False
418787,True
419643,False
419672,False
420368,False
420835,False
420852,False
421177,False
423183,False
424891,True
425360,False
426038,False
426357,False
426379,False
427557,True
428049,False
428569,True
428771,False
429189,False
429809,False
430055,True
430437,False
431490,False
431599,False
432413,False
432691,True
432815,False
432837,False
434895,True
436283,False
436652,False
438837,False
438991,False
439870,False
440789,False
441652,False
442308,False
442551,False
442562,False
445648,False
445768,False
446092,False
446207,False
446528,False
446807,False
447186,False
447779,False
448745,True
449776,False
451363,False
452235,False
453308,True
453732,False
453794,False
455550,False
455983,False
457217,False
458134,False
459113,True
460118,False
460328,False
460594,False
460909,False
461324,False
461713,False
462582,False
462877,False
463252,False
463311,False
463612,False
463758,True
464664,False
464978,False
466343,False
466891,False
468350,False
468882,False
469181,False
469996,False
470105,True
471421,False
471775,False
471856,False
472155,True
472775,False
473415,False
473921,False
475072,True
475259,False
475684,False
476901,False
477203,True
478855,False
479192,False
480256,False
480702,False
483332,False
483666,False
484495,False
484880,False
486259,False
486408,False
487563,False
487835,True
488643,False
489991,False
490430,False
490491,True
490689,False
491412,False
491824,True
491959,False
492182,False
493825,False
494761,False
495066,False
495308,False
495445,False
496697,False
496902,False
498236,False
498397,False
498614,False
498934,False
499712,False
500597,False
500770,False
501055,False
502273,False
502389,True
502740,False
502872,True
502910,False
503485,False
503630,False
506096,False
506508,False
506793,False
508230,False
508674,True
509457,False
510581,False
510932,False
511081,False
512065,False
513814,False
514911,False
517029,False
518102,False
518153,False
518275,False
519236,True
519565,False
520163,False
520238,False
520864,False
520876,False
521424,False
521444,True
521760,False
523244,True
524099,True
524784,False
524953,False
525036,False
525609,True
525918,True
526129,False
526251,False
526865,False
527364,False
527623,False
527794,False
528695,False
529587,False
529926,False
531605,False
532275,False
532753,False
533321,False
533577,False
534447,False
534750,False
534765,True
535841,False
536102,True
536449,False
536722,False
536736,True
537789,False
538338,False
539200,False
541577,False
542458,False
542493,False
543087,False
544044,True
545631,False
545713,False
545858,False
546364,False
546461,False
547486,False
547888,False
549452,False
549699,False
550368,True
551346,False
551774,False
551837,False
552453,False
552996,False
553583,False
554720,False
555154,False
557735,False
558127,False
559024,False
561037,False
561149,False
561152,False
561340,False
561517,False
562259,False
562591,False
562685,False
562867,False
563158,False
563272,True
563833,False
564560,False
564856,False
565356,False
569242,True
570009,False
570406,False
571477,False
571782,True
572165,True
573424,False
574601,True
575124,True
576087,False
578130,False
579412,False
579759,False
582379,False
584131,False
584512,True
586181,False
586730,False
586920,False
587116,False
590016,False
590529,False
591323,False
591666,False
594533,False
594620,False
595273,False
595894,False
597667,False
598199,False
599175,False
599863,False
599982,False
600820,False
601073,False
602862,True
604280,False
605306,False
605317,False
605641,False
609128,True
610221,True
611527,True
613406,False
614337,False
614514,False
615731,False
615750,False
615892,False
616957,True
617118,False
618698,False
620121,False
620327,False
621129,False
624306,True
624840,False
628046,True
628174,False
629567,False
630754,False
630774,True
631977,False
633312,True
633317,False
634816,False
634928,False
635385,False
635726,False
637830,False
638891,False
640357,False
641569,False
642502,False
642768,False
642967,False
643282,True
643527,False
643735,False
644632,False
645517,False
646727,False
647686,False
648021,False
649774,False
650056,False
650481,False
650515,False
650983,False
652753,True
653766,True
654144,False
654441,False
655468,False
659583,True
659931,False
660480,True
661595,False
661780,False
662873,False
663310,False
663515,False
664255,False
665983,True
666023,False
666237,False
666398,True
666740,False
666960,False
669032,False
669174,False
669289,False
669351,False
669925,False
670086,False
672639,False
675225,False
675231,False
676060,False
676890,True
676918,False
677711,False
679246,False
679617,False
680279,False
681272,False
681600,True
682261,False
682639,False
683136,False
683295,False
683786,False
683814,False
684944,False
684989,False
687566,True
687960,False
688244,False
688646,False
689125,False
690254,False
692700,False
693127,False
693375,False
693888,True
694192,False
694292,False
694376,False
695142,False
695829,False
697120,False
698010,True
698023,True
698363,False
699060,True
699287,True
700203,False
701109,False
702824,False
703837,True
705391,False
707864,False
708583,True
709101,False
710567,False
710621,False
710632,False
711755,False
712335,False
712915,False
713911,False
716478,False
717591,False
718042,False
718043,False
718236,False
718495,False
718609,False
724530,False
724769,False
725175,False
725928,False
726592,False
727262,False
727975,False
728348,False
728788,False
729379,False
730835,False
732630,False
735147,True
735592,True
738726,False
738940,False
739470,True
739926,True
740994,False
741080,False
741311,False
741479,False
741687,False
743448,False
744341,False
744679,True
746285,False
746996,False
747500,False
747743,False
747842,True
748693,False
750513,False
750999,False
751454,False
754958,False
755009,False
755946,False
756163,False
757480,False
757546,True
759173,False
760135,False
760418,False
761416,True
761933,False
762593,False
763308,True
763308,True
765628,False
767278,True
771842,False
772496,False
775723,False
778464,True
780051,False
781756,False
784090,False
785685,False
787231,False
788291,False
789928,False
790105,False
790637,False
791876,False
794778,False
794997,False
796105,False
796411,False
797001,False
797530,False
798469,True
798743,False
798999,False
800998,False
802963,False
803089,False
805885,True
806065,True
806275,True
807564,False
808359,False
808756,False
809314,False
809749,False
810141,False
810740,False
811501,False
814182,False
816760,True
818584,False
818706,False
819529,False
820525,True
822298,False
823690,False
825496,False
826033,False
826383,False
829261,False
829477,False
830138,True
830173,False
830174,False
832771,False
833252,True
833991,False
836077,True
838721,False
839854,True
839948,True
840206,False
840645,False
841676,False
842098,False
842934,False
844319,False
844355,False
845563,True
845730,False
846478,False
846710,False
847294,True
847373,False
847698,False
854499,False
855399,False
855556,False
855608,False
855729,False
857749,False
857988,False
861866,False
862505,False
863816,False
864448,False
866388,False
867438,False
871720,False
872361,True
872820,False
873749,False
875813,False
880760,True
885302,False
885795,False
889482,False
892884,False
893991,False
894660,False
894709,False
895428,False
895675,False
897113,False
897973,False
898113,True
899144,False
900716,False
901283,False
901418,False
902268,False
902349,False
902565,True
903102,False
904005,False
904511,False
905509,False
906089,False
908247,True
909840,False
910039,True
910365,False
914306,False
915805,True
916573,False
917215,False
917833,False
921196,False
921434,False
921478,False
921784,False
924192,True
924371,True
924889,False
926259,False
926559,True
926701,False
926909,False
927493,False
929604,True
930562,True
932028,True
932185,False
932337,False
934169,False
936235,False
938770,False
942057,False
942721,False
944682,False
944958,False
945621,True
946317,False
947261,False
948653,False
951320,False
952613,False
952836,False
953258,True
955686,False
955949,False
956662,True
957841,False
958406,False
958849,False
959826,False
960291,False
960595,False
960616,False
960727,False
961516,False
962436,False
963690,False
964819,False
965943,False
966144,False
966876,True
966972,False
967270,False
967495,False
970700,False
970791,False
971412,True
973242,True
974353,False
974821,False
975660,True
975948,False
978388,False
978793,False
980000,False
983462,False
984263,False
987162,True
987643,False
990223,False
990748,False
990790,False
992268,False
994912,True
996102,False
998150,False
998593,False
999159,False
1000827,False
1001821,False
1003918,True
1004928,False
1005138,False
1009056,False
1010720,True
1011346,False
1011600,False
1011984,False
1014671,True
1017036,False
1019853,False
1020900,False
1020984,True
1022642,False
1022885,False
1026802,True
1027297,False
1027397,False
1030746,False
1036919,False
1037034,False
1039212,False
1039911,False
1041599,False
1044625,True
1044802,False
1045325,False
1046056,False
1047780,False
1048466,False
1049451,False
1051198,False
1051823,True
1052671,False
1053585,True
1053777,False
1057869,False
1059129,False
1060102,False
1060260,False
1062774,False
1063119,False
1063992,False
1064394,False
1065558,True
1067988,False
1068987,False
1070267,False
1071050,False
1073452,False
1073858,False
1075132,False
1076155,False
1077861,False
1080199,False
1081666,False
1082601,False
1083738,False
1084600,False
1085377,False
1087730,False
1087896,False
1088011,False
1088498,False
1089267,False
1092999,False
1095059,False
1095120,False
1097175,False
1098053,False
1101548,False
1102397,False
1102696,True
1102935,False
1103621,False
1106299,False
1106354,False
1106423,False
1107225,False
1108569,False
1110580,True
1112547,False
1113790,False
1118316,False
1119738,False
1122394,False
1124086,False
1127913,False
1128911,False
1129764,True
1130658,False
1132025,False
1134801,False
1134861,False
1135143,False
1135270,False
1135699,True
1136500,False
1136587,False
1138376,False
1138783,False
1141019,False
1142849,True
1147495,False
1148353,False
1149481,False
1149516,False
1150272,False
1150430,True
1150506,False
1156297,False
1156381,False
1156803,False
1157626,False
1159011,False
1159994,False
1162087,False
1163974,False
1165158,False
1166578,False
1167673,False
1168206,False
1168208,False
1170457,True
1170743,False
1172032,False
1172681,False
1174710,False
1176309,False
1177378,False
1179339,True
1179423,False
1182871,False
1183170,False
1183668,False
1186406,False
1188160,False
1191000,False
1193268,False
1194284,False
1197880,False
1198100,False
1201872,False
1210068,True
1211283,False
1214599,True
1216137,False
1217673,False
1220177,False
1224097,False
1225146,False
1226388,False
1227100,False
1228315,True
1228513,False
1228569,True
1230817,False
1234532,False
1234880,False
1235348,True
1237506,False
1238951,True
1239017,False
1240321,False
1240524,False
1248023,False
1249292,False
1250037,False
1252449,False
1260663,False
1266334,True
1268382,False
1268438,True
1269474,True
1271542,False
1280291,False
1280686,False
1281711,False
1281820,False
1285257,False
1286951,False
1287351,False
1290349,False
1290651,True
1291183,False
1293382,True
1294785,True
1297118,True
1300889,False
1301127,False
1302860,False
1306720,False
1307130,True
1310102,False
1311776,False
1314540,False
1315429,False
1318063,False
1319351,False
1319778,True
1319998,False
1321518,False
1321718,True
1323048,False
1323862,False
1325189,False
1326583,False
1330516,True
1331511,False
1332297,False
1337682,False
1338428,True
1339129,False
1342121,False
1343160,False
1343483,False
1344248,False
1345062,False
1345298,False
1345843,False
1346802,True
1348967,True
1354454,True
1356112,False
1356726,False
1358128,False
1359898,False
1362803,True
1362884,False
1365598,False
1367109,False
1372333,False
1374651,True
1375055,False
1375055,False
1379108,False
1379148,False
1381152,False
1382510,False
1382737,False
1383940,True
1384506,True
1384582,False
1385344,False
1385436,False
1386293,False
1386510,False
1386996,False
1393280,False
1393547,False
1399897,False
1399946,True
1401586,False
1406276,False
1406689,False
1409194,False
1411024,False
1416157,False
1417443,True
1417765,False
1419041,False
1419975,False
1420324,False
1421416,False
1421600,False
1423612,False
1425221,False
1433429,False
1434564,False
1436251,False
1440558,False
1442700,False
1443014,False
1443270,False
1444592,False
1445695,False
1446999,True
1447546,False
1448733,False
1448792,False
1448921,False
1449355,False
1449839,False
1450955,False
1451487,False
1452890,False
1457074,False
1459367,False
1460635,True
1465957,False
1467083,False
1467794,False
1472577,False
1479468,True
1480047,False
1484063,False
1484770,False
1485349,False
1486796,False
1488524,False
1489456,False
1490481,False
1491401,False
1492936,False
1493116,False
1493508,True
1497584,False
1498994,False
1499026,False
1499209,False
1500015,False
1500955,False
1501044,False
1501657,False
1504531,False
1506524,True
1509512,False
1510178,False
1512048,False
1512674,False
1512846,False
1515336,True
1519505,False
1522373,False
1523092,False
1524222,False
1525747,False
1525820,False
1526034,False
1526602,False
1532673,False
1533519,False
1533849,False
1534049,True
1534647,False
1535213,False
1541297,True
1541541,False
1552839,False
1553116,False
1553353,False
1553685,False
1553802,False
1554164,False
1555148,False
1561041,False
1561357,False
1563962,False
1564207,False
1569073,False
1570537,False
1571556,False
1573274,False
1573662,False
1577166,False
1578002,False
1580493,False
1585624,False
1587810,False
1589534,False
1590044,False
1590656,False
1598765,False
1601885,False
1602782,False
1604371,True
1608223,False
1610508,True
1611347,False
1612912,False
1613034,False
1623042,True
1624386,False
1625593,False
1627225,True
1627766,False
1629589,False
1631409,False
1631667,True
1632747,False
1633166,False
1634549,False
1634988,False
1640847,False
1641650,False
1642096,False
1643136,False
1643504,False
1650711,False
1655676,True
1656168,False
1657856,False
1658732,False
1661169,False
1662647,False
1665447,True
1669386,False
1669716,True
1669772,False
1669942,False
1670741,False
1677106,False
1677387,False
1680444,False
1683247,False
1683418,True
1684147,False
1687485,True
1687583,False
1688617,False
1689780,False
1692468,False
1692926,False
1699198,False
1700120,False
1700322,False
1700388,False
1702493,False
1704433,False
1704739,True
1706250,False
1711325,False
1712906,False
1718831,False
1727701,False
1737753,True
1740832,False
1741188,False
1743648,False
1745126,True
1745387,False
1746858,False
1746862,False
1753829,True
1753836,False
1757882,True
1759499,False
1760073,False
1763758,False
1767109,True
1767433,False
1768294,False
1769077,False
1770854,True
1770924,True
1773082,False
1773725,False
1773832,False
1774286,False
1774822,True
1775401,False
1775428,False
1777421,False
1780350,False
1788577,False
1789832,False
1793699,True
1794099,True
1794569,False
1796087,False
1799580,False
1800469,False
1802362,True
1804368,False
1805993,False
1808231,False
1808895,False
1811965,False
1815620,False
1816518,False
1817137,False
1822090,False
1822967,True
1823421,True
1823860,False
1831339,False
1838424,False
1840802,True
1842598,False
1846860,False
1848338,False
1849868,False
1850111,False
1852965,False
1853017,False
1854919,False
1856172,True
1859308,False
1863037,False
1863644,False
1864583,False
1869011,False
1869438,False
1870286,True
1870397,False
1871145,False
1875297,True
1882920,False
1883978,False
1890076,False
1893107,False
1895004,False
1897764,False
1898158,False
1903897,False
1905516,False
1906025,False
1908383,False
1910620,False
1911877,False
1915288,False
1917078,False
1919652,False
1924582,False
1926087,False
1931661,False
1932229,False
1935782,False
1937650,False
1937678,False
1938226,False
1938450,False
1939809,False
1943140,True
1944709,True
1945238,False
1946351,False
1947635,True
1950216,False
1952639,False
1953044,False
1961994,False
1963043,False
1965744,False
1967013,False
1971862,True
1973845,False
1974437,False
1976283,False
1976944,False
1976986,True
1982470,False
1986439,False
1988149,False
1990135,False
1992521,False
1995449,False
1995762,False
1999041,False
1999887,True
2004525,False
2005469,False
2005651,True
2007368,False
2008920,False
2009919,False
2009940,False
2012173,False
2015159,False
2019745,False
2023083,False
2026055,True
2028854,False
2030900,False
2033345,False
2035284,False
2039814,True
2042334,False
2042909,False
2045004,False
2050028,False
2051252,True
2053253,False
2058015,False
2061418,False
2065161,False
2072475,False
2072578,False
2072785,False
2081599,False
2081914,False
2084864,False
2089159,False
2089626,False
2089697,False
2089858,False
2089910,False
2091477,False
2096049,False
2100188,False
2100732,True
2101151,False
2103288,False
2106021,False
2108848,False
2111392,False
2116319,False
2118185,False
2119033,False
2124025,True
2124923,False
2125830,False
2126244,False
2126777,True
2130400,False
2131345,False
2133999,False
2136074,False
2141359,False
2142616,False
2143009,False
2144654,False
2148537,False
2151526,False
2152889,False
2153928,False
2153988,False
2155972,False
2157979,False
2159162,False
2159471,False
2162309,False
2172606,False
2178502,False
2180302,False
2180425,False
2180626,False
2189364,False
2190095,True
2195745,False
2201469,False
2202123,True
2202785,True
2202968,False
2203282,False
2204383,False
2205808,False
2206937,False
2208271,False
2213860,False
2218746,True
2218910,False
2219555,False
2222095,False
2222532,False
2229177,False
2230386,False
2231321,False
2232259,False
2233371,False
2235828,False
2249766,False
2252409,False
2253629,False
2257697,True
2260848,False
2266264,False
2267131,False
2271515,False
2273315,False
2275672,False
2283300,False
2283599,False
2284124,True
2285504,False
2286447,False
2292711,False
2293699,False
2295775,True
2305881,False
2308207,False
2308535,False
2315988,False
2317361,False
2318789,False
2319609,False
2321992,False
2327303,False
2337203,False
2338525,False
2338591,False
2342630,True
2343724,False
2343799,False
2345155,False
2347526,False
2348402,False
2348994,False
2354604,False
2355692,False
2358629,False
2360357,False
2360771,False
2361248,False
2362703,False
2365764,False
2366311,False
2366951,False
2371233,False
2371792,True
2383738,False
2385468,False
2386158,False
2389577,False
2390193,False
2391730,False
2392868,False
2395196,False
2399178,False
2399371,False
2401702,False
2406662,False
2407449,False
2411613,False
2416092,False
2416387,True
2417736,False
2419392,False
2422171,False
2428519,False
2428943,True
2430389,False
2430939,False
2431518,False
2433257,False
2433297,False
2435994,False
2436450,False
2436806,False
2442852,False
2444447,False
2446978,True
2457917,False
2463190,False
2465804,False
2472164,True
2474266,True
2474331,False
2484568,False
2485191,False
2485707,False
2485969,True
2488330,False
2490023,False
2493453,True
2506721,False
2507396,False
2509070,False
2510620,False
2512949,False
2516000,False
2516363,False
2518910,False
2521855,False
2522058,True
2523759,False
2526864,False
2527479,False
2532378,False
2543735,True
2543962,False
2549315,False
2559571,False
2564495,False
2567327,False
2568423,False
2570216,False
2572780,False
2574867,False
2578755,False
2581563,False
2581622,False
2583593,True
2586373,False
2592818,True
2605701,True
2610658,True
2619365,False
2619401,False
2620997,True
2622308,False
2622421,False
2633265,False
2639505,False
2639726,False
2644332,False
2645708,False
2645836,False
2646054,False
2646946,False
2650178,False
2653630,False
2657971,False
2664531,False
2664576,False
2669711,False
2674934,False
2677656,False
2683682,False
2686216,False
2690867,False
2693679,False
2699557,False
2701048,False
2701136,False
2707888,False
2707934,False
2711832,False
2712198,False
2712966,False
2716667,True
2717109,False
2719630,False
2730323,False
2736033,False
2742372,False
2744138,False
2747515,False
2749419,False
2751229,False
2752486,False
2760961,False
2764233,False
2767241,False
2767478,False
2768747,False
2770043,True
2779006,False
2785997,True
2790133,False
2793330,False
2799290,False
2802671,False
2802756,False
2803042,False
2803652,True
2808299,False
2809293,False
2809425,False
2814663,False
2817895,False
2818017,True
2818190,False
2821223,False
2823465,False
2824282,False
2825645,False
2825915,False
2836423,False
2840282,False
2847352,False
2853089,False
2856754,False
2862944,False
2869731,False
2871540,False
2873457,True
2874613,True
2875771,False
2875771,False
2880487,False
2880773,False
2882602,False
2885409,False
2886027,False
2892719,False
2893301,False
2896971,False
2897223,False
2900779,False
2901217,True
2901637,False
2904755,False
2905152,False
2908823,False
2908834,False
2917460,False
2918565,False
2918977,True
2919043,False
2919612,True
2923298,False
2923726,False
2924425,False
2925521,False
2929519,False
2933214,False
2938366,False
2947007,False
2948328,False
2950434,False
2951468,False
2955746,False
2961665,False
2962051,False
2963270,False
2970800,False
2971526,False
2981637,False
2984277,True
2985663,False
2987361,False
2991442,False
2991585,True
2995272,False
3003770,False
3006162,True
3006170,False
3012127,False
3014247,False
3016580,False
3016664,False
3017407,False
3019825,True
3029394,False
3031535,False
3032373,False
3033916,False
3033919,False
3043584,True
3053108,False
3053822,False
3054387,False
3058616,True
3061730,False
3061910,False
3063045,False
3063231,False
3070462,False
3077315,True
3078537,False
3078713,True
3080264,True
3083632,False
3087326,False
3089219,True
3090975,True
3094393,False
3095218,False
3096639,False
3097492,False
3099552,False
3100845,False
3113896,False
3127153,False
3128893,True
3131828,False
3135022,False
3139339,False
3143116,False
3143732,False
3147063,False
3147810,False
3149798,False
3153016,False
3155790,False
3158741,False
3162471,False
3172865,False
3173366,False
3173430,False
3176572,False
3179969,False
3183553,False
3185146,False
3185988,False
3190239,False
3190855,False
3193161,False
3197103,False
3198451,False
3211547,False
3212875,False
3216585,False
3216781,False
3217705,False
3228374,False
3228727,False
3230148,False
3231921,True
3232185,False
3233832,False
3236205,False
3236278,False
3239253,False
3245696,False
3245977,False
3249960,False
3254731,True
3257916,False
3258021,True
3264597,False
3267513,False
3274071,False
3274568,False
3275448,False
3278868,False
3282352,False
3282444,True
3283331,False
3284248,True
3285575,False
3287891,False
3291459,True
3292570,False
3293158,False
3294289,False
3304774,False
3305176,False
3308656,False
3313579,False
3316758,False
3336956,False
3337875,False
3339007,False
3339414,False
3341840,True
3343410,False
3346704,False
3350061,False
3350986,False
3354667,False
3360074,False
3362312,False
3375131,False
3380926,False
3380948,False
3385360,False
3385431,False
3391481,False
3396144,False
3397040,False
3402645,False
3408670,False
3412558,False
3414986,True
3426066,False
3426308,False
3431621,False
3432220,False
3433850,False
3437700,False
3440228,False
3442288,False
3443848,False
3453964,True
3456827,False
3459654,False
3465112,False
3468352,False
3470085,False
3470900,False
3471082,False
3473232,False
3473822,False
3479370,False
3481854,False
3488339,False
3492463,False
3492985,False
3495655,False
3497864,False
3500325,False
3509174,False
3510096,True
3512059,False
3516054,True
3524253,False
3526899,True
3529597,False
3536672,False
3542713,False
3550633,False
3555723,True
3557150,False
3557507,False
3565060,False
3566946,False
3568682,False
3572349,False
3572677,False
3575377,True
3579283,False
3582850,False
3585289,False
3599619,False
3602921,False
3610038,False
3611446,False
3612440,False
3614639,False
3617160,True
3619575,False
3619879,False
3619910,False
3622504,False
3625127,False
3628479,True
3629067,False
3633372,False
3634315,False
3640332,False
3644154,False
3644458,False
3645170,False
3646391,False
3646498,False
3652967,False
3657775,True
3660940,False
3663202,True
3663869,False
3680127,False
3680453,True
3684309,False
3685694,False
3686559,False
3688093,False
3690305,False
3696774,False
3697393,False
3699671,False
3700687,False
3700936,False
3707016,False
3717137,False
3718823,False
3723833,False
3732116,True
3733967,False
3735892,False
3738811,False
3744090,False
3756134,False
3757565,False
3758851,False
3762502,False
3765695,False
3779331,True
3779659,False
3781016,True
3781056,False
3786225,False
3786714,False
3799932,False
3808600,False
3810763,False
3814062,False
3816248,True
3816469,True
3818931,False
3821102,False
3823040,False
3823771,True
3826308,False
3831709,False
3851475,False
3852640,False
3861100,True
3869821,False
3869873,False
3871868,False
3875879,False
3879815,False
3880860,False
3884433,False
3891187,False
3892514,False
3896299,False
3896781,False
3899001,False
3900903,False
3904749,True
3909484,False
3915349,False
3917929,False
3919449,False
3926710,False
3927859,True
3933276,False
3933325,False
3935066,False
3939308,False
3948294,False
3953051,False
3957523,False
3959214,False
3959896,False
3963270,False
3964679,False
3967458,False
3970381,False
3975110,True
3976877,False
3983047,True
3984264,False
4006247,False
4016670,True
4026826,False
4031053,False
4038113,False
4041505,True
4042841,True
4054027,False
4054871,True
4055142,False
4055272,False
4055857,False
4056387,False
4058265,False
4064838,True
4065615,False
4068426,False
4072880,False
4079608,False
4080990,False
4081270,False
4081750,False
4083712,False
4089330,False
4090017,False
4100010,False
4102560,False
4107015,False
4119619,False
4126601,False
4130513,False
4132413,True
4139000,False
4149785,False
4149876,False
4162116,False
4163141,False
4168004,False
4168853,False
4175063,False
4176697,False
4186046,False
4205180,False
4208955,False
4221458,False
4223600,False
4230850,False
4232580,False
4234303,False
4240426,False
4241475,False
4244529,False
4267351,False
4274049,False
4274158,True
4274310,False
4287279,False
4294298,False
4308641,False
4311201,False
4317444,False
4335298,False
4335647,False
4349432,False
4349901,True
4351175,False
4351404,True
4353628,False
4355594,False
4367184,False
4371436,True
4380921,True
4384948,False
4395827,False
4398834,False
4399636,False
4400034,False
4403849,False
4416236,False
4422770,False
4431312,False
4431339,False
4431383,False
4435146,False
4439189,False
4440265,False
4445614,False
4459348,False
4460281,True
4463766,False
4467832,False
4476181,False
4481924,True
4486036,False
4488428,False
4500643,False
4512203,False
4516501,True
4517841,False
4521742,False
4527235,False
4528058,True
4532835,False
4546325,False
4566374,False
4576256,False
4577288,False
4585830,False
4593352,True
4601450,False
4610648,False
4611331,False
4612017,False
4614170,False
4619863,False
4622549,False
4629942,False
4635085,False
4642063,True
4642335,False
4643413,False
4645916,False
4647623,False
4656590,False
4679865,False
4685402,False
4688840,True
4695903,False
4701634,False
4702416,False
4710910,False
4733007,False
4741575,False
4754965,False
4757421,False
4766556,False
4770532,False
4781221,False
4781982,False
4804931,True
4806376,False
4810992,False
4833775,False
4835563,False
4837155,False
4861444,False
4862440,False
4876337,False
4879133,False
4879373,False
4881038,False
4889305,False
4897325,False
4900455,False
4901440,False
4914227,False
4914481,False
4918132,False
4920810,False
4922605,False
4950592,False
4980343,False
4989367,False
4997213,True
5002803,False
5008691,False
5016406,False
5018082,True
5023383,False
5036042,False
5038458,False
5040799,False
5042690,True
5055055,False
5058778,True
5076785,False
5077596,False
5081518,False
5084153,False
5084397,False
5085674,False
5086820,False
5091320,False
5094988,False
5099155,False
5120030,False
5120131,False
5134837,False
5140109,False
5151340,False
5158899,True
5175326,True
5176045,True
5188386,True
5189613,False
5189652,False
5191103,False
5198946,False
5204827,True
5213804,False
5218309,False
5219269,False
5223842,False
5244888,False
5252043,False
5252814,False
5255218,False
5255730,False
5257343,False
5266253,True
5270207,True
5285251,False
5296472,False
5297039,False
5297868,False
5300406,False
5308094,False
5311587,False
5317109,False
5319958,False
5321678,False
5327908,True
5332881,False
5336722,False
5340412,True
5343714,False
5363123,False
5366695,False
5372876,False
5379025,False
5383815,False
5395198,False
5405307,False
5424036,False
5429318,False
5433255,False
5433803,False
5434138,False
5436818,False
5484192,False
5505469,False
5515141,False
5516393,False
5517219,False
5518330,False
5544130,False
5546500,False
5558082,False
5563035,True
5577196,False
5594373,False
5610014,False
5620755,False
5636975,False
5640917,False
5646920,False
5649953,False
5650996,False
5652417,False
5654673,False
5660511,False
5667599,False
5670263,False
5675048,False
5678544,False
5684521,False
5693328,True
5698265,False
5701090,False
5712789,False
5712904,False
5716868,True
5717363,False
5734263,False
5735224,False
5740173,False
5743259,False
5746528,False
5751862,False
5757872,False
5757971,False
5761947,False
5792253,False
5797220,False
5814568,False
5820813,False
5822090,True
5822123,False
5822985,False
5829116,False
5832068,False
5855282,False
5864311,True
5864824,False
5877258,False
5878966,True
5884592,False
5900664,False
5910801,False
5913979,False
5915801,False
5925379,False
5931172,False
5942248,False
5942827,False
5954499,False
5958570,False
5973082,False
5991761,False
5997028,False
6016157,False
6038960,False
6039259,False
6040856,False
6059347,False
6077910,False
6083296,False
6083356,True
6087344,False
6125610,False
6129887,False
6146620,False
6157787,False
6161915,True
6162703,False
6165736,False
6168612,False
6176424,True
6190860,False
6204251,False
6219061,False
6221119,False
6225228,False
6229269,False
6239970,True
6242521,False
6251532,True
6267995,False
6276633,False
6283525,False
6283722,False
6293569,False
6307585,False
6307737,False
6321405,False
6333759,False
6334701,False
6336884,False
6357359,False
6362321,True
6370124,False
6380363,True
6381310,False
6391808,False
6395652,False
6399598,False
6406418,False
6407438,False
6408146,False
6415369,False
6425423,False
6431649,False
6433524,False
6442671,False
6445453,False
6446189,False
6465323,False
6488291,False
6504083,False
6531489,False
6540728,False
6568277,True
6578493,True
6583238,False
6592912,False
6606693,False
6644615,False
6647659,False
6653415,False
6670042,False
6673974,True
6675164,False
6687910,False
6690977,False
6697615,True
6715593,True
6735373,False
6741690,False
6752359,False
6779520,False
6780988,False
6783731,False
6787910,False
6797064,False
6800268,False
6810693,False
6819159,False
6819620,False
6824761,False
6836372,False
6849339,True
6855994,False
6897024,False
6902555,False
6909693,False
6910712,False
6922795,False
6927329,True
6933877,True
6957723,False
6964906,False
6974983,False
6989534,False
6999461,False
7003665,False
7034434,False
7059918,False
7062357,False
7064227,False
7075572,False
7086395,True
7086695,False
7098850,False
7099846,False
7100208,True
7100483,False
7114847,False
7115858,False
7116377,False
7120529,False
7164551,False
7176889,False
7178355,False
7190352,False
7206137,False
7206343,False
7209558,False
7221133,False
7231266,False
7238449,True
7246394,False
7267340,False
7274497,False
7292251,False
7343452,False
7365856,True
7381284,False
7407058,False
7410166,False
7413197,True
7425364,False
7435029,False
7453274,False
7460858,False
7467408,False
7474060,True
7493115,False
7499801,False
7500287,False
7509086,False
7518925,False
7522156,False
7528596,False
7533120,False
7541272,True
7548301,True
7554644,True
7566237,False
7566363,False
7570595,False
7579034,False
7590416,False
7595192,False
7620161,False
7635145,False
7652676,True
7653436,False
7668901,True
7676003,True
7677379,False
7722771,False
7725399,True
7817573,False
7837771,False
7853009,False
7867491,False
7891385,False
7896433,False
7901904,False
7908946,False
7925098,False
7933326,False
7936669,False
7940897,False
7941203,True
7950321,True
7962446,False
7969851,False
7994255,False
8021202,False
8043267,False
8052099,False
8061770,False
8081841,False
8083267,False
8105848,False
8113933,False
8118039,False
8133873,True
8140928,False
8148229,True
8155980,False
8157812,True
8162553,False
8168846,False
8170801,False
8172051,False
8190930,True
8195152,False
8195703,False
8225546,False
8248591,False
8273825,False
8277880,False
8295999,False
8300800,False
8304802,False
8307399,False
8308383,False
8313103,False
8313773,False
8316949,False
8317502,False
8330251,False
8331075,False
8335282,False
8336319,False
8337401,False
8339649,False
8349661,False
8355961,False
8378653,False
8383082,False
8387118,False
8400766,False
8458124,False
8475672,False
8499420,False
8500383,False
8508894,False
8572445,False
8572673,False
8582097,False
8592352,False
8595579,False
8595672,False
8604523,False
8622329,False
8636854,False
8641409,False
8644873,False
8646950,False
8654865,True
8655084,False
8669437,False
8680059,False
8689863,False
8697233,True
8699164,True
8707093,False
8719664,False
8725029,False
8729500,False
8735501,False
8744305,False
8769027,False
8785038,False
8799681,False
8836127,False
8849919,False
8864563,False
8869298,False
8880227,False
8893269,False
8896479,False
8898726,False
8912271,False
8912768,False
8923685,False
8966164,False
8969414,False
9018329,False
9025530,False
9032877,True
9042909,False
9089950,False
9093887,False
9109492,False
9142288,False
9172496,False
9191029,False
9192800,False
9196966,False
9201365,False
9246047,False
9259341,False
9268682,False
9274841,False
9311159,False
9325464,False
9358994,False
9363313,False
9384608,False
9385842,False
9387326,False
9392548,False
9396265,False
9423670,False
9445426,False
9452399,False
9468811,False
9479347,False
9491301,False
9492675,True
9494559,False
9501416,False
9521596,False
9550617,False
9562545,False
9562910,False
9569058,False
9591657,False
9593016,False
9599567,True
9632193,False
9651049,False
9653545,False
9666514,False
9676319,False
9705479,False
9706611,False
9714980,False
9717069,False
9736609,False
9755269,False
9776398,False
9799167,False
9820260,True
9836523,False
9845090,False
9882867,False
9885664,False
9900809,False
9920946,False
9927338,True
9967882,False
9972512,True
9984826,False
10005803,False
10005943,False
10014431,False
10018236,True
10024229,False
10031631,False
10041575,True
10081493,False
10127509,True
10129171,True
10131846,False
10133192,False
10162800,True
10166210,False
10177898,False
10204454,False
10205205,False
10205211,False
10207297,False
10251402,False
10284990,False
10302955,False
10307408,False
10312510,False
10326629,False
10338731,True
10338948,False
10345982,False
10354534,False
10378895,False
10391444,False
10413390,False
10415267,False
10453280,False
10493328,False
10540599,False
10554842,False
10564199,False
10565932,False
10600344,False
10610843,False
10623535,False
10679693,True
10695436,False
10733522,False
10745719,True
10757118,False
10771795,False
10787916,False
10800664,False
10814616,False
10819817,False
10856493,False
10857506,False
10865053,True
10875662,False
10875897,False
10876000,False
10929027,False
11008026,False
11085366,False
11098730,False
11099334,False
11144368,False
11145300,False
11157938,False
11163850,True
11172804,False
11177310,False
11220372,False
11236391,False
11302353,False
11308145,False
11319922,False
11349200,False
11364589,True
11382506,False
11387532,False
11406019,False
11417168,False
11420065,False
11422440,False
11441614,False
11450981,False
11486882,False
11504982,False
11525015,False
11535362,False
11577482,False
11601678,True
11621035,False
11660009,False
11717130,False
11736156,False
11751463,False
11772625,False
11775949,False
11797680,False
11837338,True
11860028,False
11910406,False
11936840,False
11945190,False
11951708,False
11969471,False
12009722,True
12014515,False
12026633,False
12027776,False
12088068,False
12171436,False
12275814,False
12302961,False
12407343,False
12447389,False
12447711,False
12448828,False
12456450,False
12458147,False
12475413,False
12494911,False
12507059,False
12511964,False
12530268,True
12546563,False
12556038,False
12582442,False
12611995,False
12613776,False
12615906,False
12629169,False
12644186,False
12662812,False
12687898,True
12745994,False
12746484,False
12795259,False
12820263,False
12822125,False
12855229,False
12870112,False
12870999,True
12872118,False
12882476,False
12918322,False
12925531,True
12937930,False
12956835,False
12981093,False
13105312,False
13132639,True
13133112,False
13175592,False
13215178,False
13216810,False
13261011,False
13336342,False
13346861,False
13374365,False
13374951,False
13387407,False
13388587,False
13407187,False
13411526,False
13433845,False
13446513,False
13458517,False
13480795,False
13556827,False
13581388,False
13635345,False
13649336,False
13663914,False
13675569,False
13770220,False
13785583,False
13805120,False
13825802,False
13854718,False
13866500,False
13868475,False
13891144,False
13891679,False
13937615,False
13970338,False
13980248,False
14001271,False
14030649,False
14045373,False
14075185,False
14097727,False
14163608,False
14218660,False
14225149,False
14231829,False
14251308,False
14341235,True
14368307,False
14376187,False
14532077,False
14557054,False
14573954,False
14590035,False
14697647,False
14823748,False
14939586,False
14960040,False
14961713,False
15013724,True
15017018,False
15039803,False
15045498,False
15058563,False
15063218,False
15094361,False
15165182,False
15168935,False
15205011,False
15271908,False
15290727,True
15293886,False
15294992,False
15333590,False
15343728,False
15366670,False
15406331,False
15421724,False
15453097,True
15477218,False
15513769,True
15604950,False
15615256,True
15637435,False
15643332,False
15665875,False
15698777,False
15740475,False
15747493,False
15772363,False
15817669,False
15864392,True
15920773,False
15929684,False
16031483,False
16159209,True
16187871,False
16210685,False
16359790,False
16437184,False
16445079,False
16454018,False
16531994,False
16578812,False
16583227,False
16593765,False
16601046,False
16645842,False
16706108,False
16733919,False
16742018,False
16758633,True
16782463,True
16792661,False
16828173,True
16858292,False
16902263,True
16916187,False
16917182,False
16935895,False
16942510,False
16958098,False
16980793,True
17035678,False
17040686,False
17105556,False
17110380,False
17162216,False
17171258,False
17292588,False
17388002,False
17541552,False
17561015,False
17644011,False
17744180,False
17789321,False
17793369,False
17849165,True
17853651,False
18012911,False
18014865,False
18175249,False
18228503,False
18247390,False
18331166,False
18394297,False
18416233,False
18565623,False
18696657,False
18707164,True
18758186,False
18770303,False
18805324,True
18867669,False
18887439,False
18900443,False
18968931,False
18971928,False
19025503,False
19109934,False
19136368,False
19146671,False
19169618,False
19178148,False
19200205,False
19201124,False
19210040,False
19286123,False
19305248,False
19384127,False
19433322,True
19442362,True
19489977,False
19518836,False
19547763,False
19564316,False
19686021,False
19750130,False
19758674,False
19797608,False
19913462,False
19924613,False
19965465,False
20026895,False
20060169,False
20228742,False
20239864,False
20434504,False
20549918,False
20699581,False
20860099,True
20890729,False
20946975,False
20964939,False
21044697,False
21074853,False
21110168,False
21649365,False
21663179,True
21710840,False
21759812,False
21919892,False
21932401,True
22047218,False
22099179,False
22269085,True
22309912,False
22386392,False
22407498,False
22430136,False
22432725,False
22508477,False
22543006,True
22596070,False
22634898,False
22804190,False
22917500,False
22957103,True
23005263,True
23035801,True
23070053,False
23101823,False
23207442,False
23230810,False
23247314,False
23258201,False
23389893,False
23457577,False
23478077,False
23566284,False
23677983,True
23734407,False
23818202,False
23862508,False
24043539,True
24089716,False
24305576,True
24334002,False
24715966,False
24741597,False
24849379,False
25027542,False
25113334,False
25184562,False
25201670,False
25202999,False
25215389,False
25293872,False
25306455,False
25416772,False
25436056,False
25679985,False
25773839,True
25786126,False
25832598,False
25864906,True
25942880,False
25961313,False
26040788,False
26165321,False
26170054,False
26226661,True
26336875,False
26403603,True
26551896,False
26713288,False
26938336,False
27026020,False
27340848,False
27406021,False
27762064,False
27855402,True
27961410,False
28029071,False
28190124,False
28290787,False
28395083,True
28506236,False
28674663,True
28820947,False
29152402,True
29207385,False
29225508,False
29301377,False
30091167,False
31021695,False
31496721,False
31830058,False
31874054,False
31912143,False
32054009,False
32369075,False
32541508,True
32736133,True
33143810,False
33381723,False
33579700,False
34063537,False
34140192,False
34228249,False
34483244,False
34486792,False
34551954,False
34804098,False
34818608,False
35215076,False
35701573,False
35793049,False
35954172,False
36900532,False
37503926,False
37526671,False
37769947,False
38567555,False
38810380,False
39199002,False
39319147,False
39428199,False
39683039,False
39993250,False
40499354,False
40578769,False
40768187,False
40771795,False
40927569,False
41300770,False
41366853,False
41770473,False
42457490,True
42510070,False
42547671,False
42875243,False
42998722,False
43208443,False
43708124,False
47374543,False
48144392,False
48209211,False
48661814,False
48847129,False
53854878,False
54917557,False
55527090,False
56284323,True
64262581,False
67998782,False
72614441,False
94228618,False
